{"data": [{"transform_params": {"gauss": {"kernel": 11, "sigma": 0.2934124910926378}, "xs": "446", "ys": "587", "xe": "632", "ye": "721"}, "head_x": [], "head_y": [], "acrosome_x": [], "acrosome_y": [], "nonacrosome_x": [], "nonacrosome_y": [], "midpiece_x": [], "midpiece_y": [], "tail_x": [619.6666666666666, 604.6666666666666, 586.6666666666666, 558.6666666666666, 541.6666666666666, 518.6666666666666, 493.6666666666667, 472.6666666666667, 454.6666666666667], "tail_y": [712.1111111111111, 700.1111111111111, 684.1111111111111, 668.1111111111111, 655.1111111111111, 640.1111111111111, 621.1111111111111, 610.1111111111111, 595.1111111111111], "params": {"head_params": {"head_length": -999, "head_width": -999, "head_angle": -999, "head_centre": -999, "head_maj_line": -999, "head_min_line": -999, "acrosome_area": -999, "non_acrosome_area": -999}, "midpiece_params": {"width": -999, "insertion_angle": -999}, "tail_params": {"end_points": [[619.6666666666667, 712.1111111111111], [454.6666666666667, 595.1111111111111]], "junction_points": [], "tail_length": 202.93951300379655}}, "image_name": "SC00012-M1_F-124_252014121315616$ant_105_2.jpg", "image_path": "../../data_dir/images/sperm_patch_data_v2/"}, {"transform_params": {"gauss": {"kernel": 9, "sigma": 0.81501917761346}, "geometric": [[-0.26378101110458374, 0.9048382639884949, 125.83049774169922], [-0.9598438739776611, -0.4149077832698822, 469.1671142578125]], "xs": "691", "ys": "242", "xe": "1129", "ye": "495"}, "head_x": [876.7537730975996, 877.9223923726927, 878.1861733837973, 878.4499543949019, 878.7137354060064, 878.977516417111, 879.2412974282156, 880.4099167033087, 880.6736977144133, 880.9374787255178, 881.2012597366224, 882.3698790117155, 882.6336600228201, 882.8974410339247, 883.1612220450293, 884.3298413201223, 884.5936223312269, 884.8574033423315, 885.1211843534361, 886.2898036285292, 886.5535846396338, 887.7222039147268, 888.8908231898199, 890.059442464913, 891.2280617400061, 892.1329000039946, 893.3015192790876, 894.4701385541807, 895.6387578292738, 896.8073771043669, 897.7122153683554, 898.6170536323439, 899.5218918963324, 900.4267301603209, 901.5953494354139, 902.5001876994024, 903.4050259633909, 904.3098642273794, 905.2147024913679, 906.1195407553564, 907.0243790193449, 907.9292172833334, 908.8340555473219, 909.7388938113104, 910.6437320752989, 911.5485703392874, 912.7171896143805, 913.622027878369, 914.5268661423574, 915.431704406346, 916.3365426703344, 916.9775999232183, 917.8824381872068, 918.7872764511953, 919.4283337040793, 920.3331719680677, 921.2380102320562, 921.8790674849402, 922.7839057489286, 923.6887440129171, 924.329801265801, 925.2346395297895, 925.8756967826735, 926.780535046662, 927.4215922995459, 928.3264305635344, 928.9674878164183, 929.8723260804068, 930.5133833332907, 931.4182215972792, 932.0592788501631, 932.9641171141516, 933.6051743670355, 933.3413933559309, 933.0776123448263, 932.8138313337217, 932.5500503226172, 932.2862693115126, 932.022488300408, 931.7587072893034, 931.4949262781988, 931.2311452670942, 930.9673642559897, 930.7035832448851, 930.4398022337805, 930.1760212226759, 929.9122402115713, 929.6484592004667, 929.3846781893621, 929.1208971782576, 928.857116167153, 928.5933351560484, 928.3295541449438, 928.0657731338392, 927.8019921227346, 927.5382111116301, 927.2744301005255, 927.0106490894209, 926.7468680783163, 926.4830870672117, 925.3144677921186, 924.1458485170256, 922.9772292419325, 922.072390977944, 920.9037717028509, 919.7351524277578, 918.5665331526648, 917.6616948886763, 916.4930756135832, 915.3244563384901, 914.155837063397, 913.2509987994085, 912.0823795243155, 911.177541260327, 910.0089219852339, 909.1040837212454, 908.1992454572569, 907.2944071932684, 906.3895689292799, 905.2209496541868, 904.3161113901983, 903.4112731262098, 902.5064348622213, 901.6015965982328, 900.6967583342444, 899.7919200702559, 898.8870818062674, 897.9822435422789, 897.0774052782904, 896.1725670143019, 895.2677287503134, 894.3628904863249, 893.4580522223364, 892.5532139583479, 891.6483756943594, 890.7435374303709, 889.8386991663824, 888.9338609023939, 888.0290226384054, 887.1241843744169, 886.2193461104284, 885.3145078464399, 884.673450593556, 883.7686123295675, 882.863774065579, 881.9589358015905, 881.3178785487066, 880.4130402847181, 879.7719830318342, 879.1309257789503, 878.2260875149618, 877.5850302620779, 876.6801919980894, 876.0391347452055, 875.3980774923216, 875.6618585034262, 875.9256395145308, 875.2845822616468, 875.5483632727514, 875.812144283856, 876.0759252949606, 876.3397063060652, 875.6986490531813, 875.9624300642859, 876.2262110753904, 876.489992086495], "head_y": [371.6172815485846, 372.16221763929235, 373.12206151327, 374.0819053872477, 375.04174926122533, 376.001593135203, 376.96143700918066, 377.50637309988844, 378.4662169738661, 379.42606084784376, 380.3859047218214, 380.9308408125292, 381.89068468650686, 382.8505285604845, 383.8103724344622, 384.35530852516996, 385.3151523991476, 386.2749962731253, 387.23484014710294, 387.7797762378107, 388.7396201117884, 389.28455620249616, 389.82949229320394, 390.3744283839117, 390.9193644746195, 390.5044566913496, 391.0493927820574, 391.5943288727652, 392.13926496347295, 392.68420105418073, 392.26929327091085, 391.85438548764097, 391.4394777043711, 391.0245699211012, 391.569506011809, 391.1545982285391, 390.7396904452692, 390.32478266199934, 389.90987487872945, 389.4949670954596, 389.0800593121897, 388.6651515289198, 388.2502437456499, 387.83533596238004, 387.42042817911016, 387.0055203958403, 387.55045648654806, 387.1355487032782, 386.7206409200083, 386.3057331367384, 385.89082535346853, 384.516073696221, 384.1011659129511, 383.6862581296812, 382.3115064724337, 381.8965986891638, 381.4816909058939, 380.10693924864637, 379.6920314653765, 379.2771236821066, 377.90237202485906, 377.4874642415892, 376.11271258434164, 375.69780480107175, 374.3230531438242, 373.90814536055433, 372.5333937033068, 372.1184859200369, 370.74373426278936, 370.3288264795195, 368.95407482227193, 368.53916703900205, 367.1644153817545, 366.20457150777685, 365.2447276337992, 364.2848837598215, 363.32503988584386, 362.3651960118662, 361.40535213788854, 360.4455082639109, 359.4856643899332, 358.52582051595556, 357.5659766419779, 356.60613276800024, 355.6462888940226, 354.6864450200449, 353.72660114606725, 352.7667572720896, 351.80691339811193, 350.84706952413427, 349.8872256501566, 348.92738177617895, 347.9675379022013, 347.0076940282236, 346.04785015424596, 345.0880062802683, 344.12816240629064, 343.168318532313, 342.2084746583353, 341.24863078435766, 340.7036946936499, 340.1587586029421, 339.6138225122343, 340.0287302955042, 339.4837942047964, 338.93885811408865, 338.39392202338087, 338.80882980665075, 338.26389371594297, 337.7189576252352, 337.1740215345274, 337.5889293177973, 337.0439932270895, 337.4589010103594, 336.9139649196516, 337.3288727029215, 337.7437804861914, 338.15868826946127, 338.57359605273115, 338.02865996202337, 338.44356774529325, 338.85847552856313, 339.273383311833, 339.6882910951029, 340.1031988783728, 340.51810666164266, 340.93301444491254, 341.3479222281824, 341.7628300114523, 342.1777377947222, 342.5926455779921, 343.00755336126196, 343.42246114453184, 343.8373689278017, 344.2522767110716, 344.6671844943415, 345.08209227761137, 345.49700006088125, 345.91190784415113, 346.326815627421, 346.7417234106909, 347.1566311939608, 348.5313828512083, 348.9462906344782, 349.3611984177481, 349.77610620101797, 351.1508578582655, 351.5657656415354, 352.94051729878294, 354.3152689560305, 354.73017673930036, 356.1049283965479, 356.5198361798178, 357.89458783706533, 359.2693394943129, 360.22918336829053, 361.1890272422682, 362.56377889951574, 363.5236227734934, 364.48346664747106, 365.4433105214487, 366.4031543954264, 367.7779060526739, 368.7377499266516, 369.69759380062925, 370.6574376746069],