{"data": [{"transform_params": {"gauss": {"kernel": 9, "sigma": 0.544703556636843}, "xs": "813", "ys": "191", "xe": "1006", "ye": "438"}, "head_x": [], "head_y": [], "acrosome_x": [], "acrosome_y": [], "nonacrosome_x": [], "nonacrosome_y": [], "midpiece_x": [], "midpiece_y": [], "tail_x": [828.8888888888889, 833.8888888888889, 849.8888888888889, 883.8888888888889, 943.8888888888889, 940.8888888888889, 949.8888888888889, 957.8888888888889, 1000.8888888888889], "tail_y": [440.77777777777777, 388.77777777777777, 363.77777777777777, 332.77777777777777, 306.77777777777777, 283.77777777777777, 265.77777777777777, 237.77777777777777, 214.77777777777777], "params": {"head_params": {"head_length": -999, "head_width": -999, "head_angle": -999, "head_centre": -999, "head_maj_line": -999, "head_min_line": -999, "acrosome_area": -999, "non_acrosome_area": -999}, "midpiece_params": {"width": -999, "insertion_angle": -999}, "tail_params": {"end_points": [[1171.7777777777778, 849.5555555555557], [1343.7777777777778, 623.5555555555555]], "junction_points": [], "tail_length": 314.52809460919724}}, "image_name": "Diff - 01_F-34_132014161729540_31_3.jpg", "image_path": "../../data_dir/images/sperm_patch_data_v2/"}]}