{"data": [{"transform_params": {"gauss": {"kernel": 9, "sigma": 0.6721254087347238}, "geometric": [[-0.9895420074462891, -0.2297382652759552, 207.02740478515625], [0.15202021598815918, -0.9744351506233215, 130.14590454101562]], "xs": "631", "ys": "450", "xe": "839", "ye": "580"}, "head_x": [], "head_y": [], "acrosome_x": [], "acrosome_y": [], "nonacrosome_x": [], "nonacrosome_y": [], "midpiece_x": [], "midpiece_y": [], "tail_x": [641.8265988727411, 659.4265881677469, 680.9141565461954, 712.2971449991068, 732.1059565742811, 758.3114967246851, 787.4150739510854, 810.722577025493, 831.9804071386656], "tail_y": [470.63745478126737, 480.05037334892484, 492.9049718711111, 504.2393682334158, 514.3226815197203, 525.4427438113424, 540.1565062734816, 547.6828683945868, 559.5630317661497], "params": {"head_params": {"head_length": -999, "head_width": -999, "head_angle": -999, "head_centre": -999, "head_maj_line": -999, "head_min_line": -999, "acrosome_area": -999, "non_acrosome_area": -999}, "midpiece_params": {"width": -999, "insertion_angle": -999}, "tail_params": {"end_points": [[641.2268520196279, 469.74353596899243], [831.2268520196279, 558.7435359689924]], "junction_points": [], "tail_length": 210.63101625148587}}, "image_name": "SC00012-M1_F-124_252014121315616$ant_105_3.jpg", "image_path": "../../data_dir/images/sperm_patch_data_v2/"}, {"transform_params": {"gauss": {"kernel": 11, "sigma": 0.7263966529263511}, "geometric": [[0.7501090168952942, -0.47238463163375854, 72.73870086669922], [0.6797472834587097, 0.895305871963501, -0.49556097388267517]], "xs": "917", "ys": "336", "xe": "1116", "ye": "435"}, "head_x": [1016.1928613146146, 1014.9703676660855, 1014.2202586491902, 1012.9977650006612, 1012.2476559837659, 1011.4975469668706, 1010.2750533183415, 1009.0525596698125, 1008.3024506529172, 1007.0799570043881, 1005.8574633558591, 1005.1073543389638, 1003.8848606904347, 1003.412476058801, 1002.1899824102719, 1001.7175977786382, 1001.2452131470044, 1000.0227194984753, 999.5503348668416, 999.0779502352078, 998.6055656035741, 998.1331809719403, 997.6607963403065, 996.4383026917775, 995.9659180601437, 995.49353342851, 995.0211487968762, 994.5487641652425, 994.0763795336087, 993.6039949019749, 993.1316102703412, 993.4093346556027, 992.936950023969, 993.2146744092305, 993.492398794492, 993.7701231797536, 994.0478475650151, 994.3255719502766, 994.6032963355382, 995.3534053524335, 995.631129737695, 995.9088541229565, 996.6589631398518, 997.4090721567471, 998.1591811736424, 998.9092901905377, 999.659399207433, 1000.4095082243283, 1001.1596172412236, 1001.9097262581189, 1003.132219906648, 1003.8823289235432, 1004.6324379404385, 1005.3825469573338, 1006.1326559742291, 1007.3551496227582, 1008.1052586396535, 1008.8553676565488, 1009.6054766734441, 1010.3555856903394, 1011.5780793388684, 1012.3281883557637, 1013.078297372659, 1013.8284063895543, 1014.5785154064496, 1015.8010090549786, 1016.5511180718739, 1017.3012270887692, 1018.5237207372983, 1019.7462143858273, 1020.2185990174611, 1021.4410926659901, 1021.9134772976239, 1022.3858619292577, 1022.8582465608914, 1023.3306311925252, 1024.5531248410543, 1025.025509472688, 1025.4978941043219, 1025.9702787359556, 1026.4426633675894, 1026.9150479992231, 1027.387432630857, 1027.8598172624907, 1028.3322018941244, 1028.8045865257582, 1029.276971157392, 1029.7493557890257, 1029.4716314037641, 1029.1939070185026, 1028.916182633241, 1028.6384582479795, 1029.1108428796133, 1028.8331184943518, 1028.5553941090902, 1028.2776697238287, 1028.7500543554625, 1027.9999453385672, 1027.2498363216719, 1026.4997273047766, 1025.7496182878813, 1025.4718939026197, 1024.7217848857244, 1023.971675868829, 1023.2215668519337, 1022.4714578350384, 1021.7213488181432, 1020.9712398012479, 1020.2211307843526, 1019.4710217674573, 1019.1932973821957, 1018.4431883653004, 1017.6930793484051, 1016.9429703315099], "head_y": [362.9060475087633, 363.1216060972681, 362.4418588138094, 362.6574174023142, 361.9776701188555, 361.2979228353968, 361.51348142390157, 361.72904001240636, 361.04929272894765, 361.26485131745244, 361.48040990595723, 360.8006626224985, 361.0162212110033, 361.9115270829668, 362.1270856714716, 363.0223915434351, 363.9176974153986, 364.1332560039034, 365.0285618758669, 365.9238677478304, 366.8191736197939, 367.7144794917574, 368.6097853637209, 368.8253439522257, 369.7206498241892, 370.6159556961527, 371.5112615681162, 372.4065674400797, 373.3018733120432, 374.1971791840067, 375.0924850559702, 376.6675382113924, 377.5628440833559, 379.1378972387781, 380.71295039420033, 382.28800354962254, 383.86305670504476, 385.43810986046697, 387.0131630158892, 387.6929102993479, 389.2679634547701, 390.8430166101923, 391.522763893651, 392.2025111771097, 392.88225846056844, 393.56200574402715, 394.24175302748586, 394.92150031094457, 395.6012475944033, 396.280994877862, 396.0654362893572, 396.7451835728159, 397.4249308562746, 398.1046781397333, 398.78442542319203, 398.56886683468724, 399.24861411814595, 399.92836140160466, 400.60810868506337, 401.2878559685221, 401.0722973800173, 401.752044663476, 402.4317919469347, 403.1115392303934, 403.7912865138521, 403.57572792534734, 404.25547520880605, 404.93522249226476, 404.71966390375997, 404.5041053152552, 403.6087994432917, 403.3932408547869, 402.4979349828234, 401.6026291108599, 400.7073232388964, 399.8120173669329, 399.5964587784281, 398.7011529064646, 397.8058470345011, 396.9105411625376, 396.0152352905741, 395.1199294186106, 394.2246235466471, 393.3293176746836, 392.4340118027201, 391.5387059307566, 390.6434000587931, 389.7480941868296, 388.17304103140737, 386.59798787598515, 385.02293472056294, 383.44788156514073, 382.55257569317723, 380.977522537755, 379.4024693823328, 377.8274162269106, 376.9321103549471, 376.2523630714884, 375.5726157880297, 374.89286850457097, 374.21312122111226, 372.63806806569005, 371.95832078223134, 371.27857349877263, 370.5988262153139, 369.9190789318552, 369.2393316483965, 368.5595843649378, 367.8798370814791, 367.2000897980204, 365.62503664259816, 364.94528935913945, 364.26554207568074, 363.58579479222203], "acrosome_x": [1012.9977650006612, 1012.5253803690274, 1012.8031047542889, 1012.3307201226552, 1012.6084445079167, 1012.136059876283, 1012.4137842615445, 1011.9413996299107, 1012.2191240151723, 1012.2191240151723, 1012.2191240151723, 1010.9966303666432, 1010.5242457350095, 1010.0518611033757, 1009.5794764717419, 1008.3569828232129, 1007.8845981915791, 1007.4122135599454, 1006.1897199114163, 1005.7173352797826, 1005.2449506481488, 1004.0224569996197, 1004.0224569996197, 1003.550072367986, 1003.0776877363522, 1001.8551940878232, 1001.3828094561894, 1001.3828094561894, 1000.6327004392941, 999.8825914223988, 999.1324824055035, 998.3823733886082, 997.1598797400792, 996.4097707231839, 995.6596617062886, 994.9095526893933, 994.159443672498, 994.159443672498, 994.6318283041318, 995.1042129357655, 995.5765975673993, 996.048982199033, 996.5213668306668, 996.5213668306668, 996.9937514623006, 997.4661360939343, 997.9385207255681, 998.4109053572018, 998.8832899888356, 999.3556746204694, 999.3556746204694, 999.8280592521031, 1001.0505529006322, 1001.5229375322659, 1001.9953221638997, 1003.2178158124287, 1003.2178158124287, 1003.2178158124287, 1004.4403094609578, 1005.6628031094868],