{"data": [{"transform_params": {"gauss": {"kernel": 11, "sigma": 0.8071463936463352}, "geometric": [[0.3792342245578766, -0.921816349029541, 165.0367431640625], [0.9342982172966003, 0.4086396396160126, -0.47042831778526306]], "xs": "737", "ys": "586", "xe": "851", "ye": "852"}, "head_x": [], "head_y": [], "acrosome_x": [], "acrosome_y": [], "nonacrosome_x": [], "nonacrosome_y": [], "midpiece_x": [], "midpiece_y": [], "tail_x": [832.801946921481, 821.1918359829319, 812.8897562159432, 804.1501711739434, 794.6521176828278, 781.3559893204106, 773.9174548519982, 765.4520271850956, 759.5887006653679], "tail_y": [599.0298551784622, 624.0200158821212, 646.4413198100196, 681.1831023262607, 714.0562884079086, 756.3300394879448, 791.5974805818664, 816.296020583974, 842.0458777414428], "params": {"head_params": {"head_length": -999, "head_width": -999, "head_angle": -999, "head_centre": -999, "head_maj_line": -999, "head_min_line": -999, "acrosome_area": -999, "non_acrosome_area": -999}, "midpiece_params": {"width": -999, "insertion_angle": -999}, "tail_params": {"end_points": [[832.1910250021351, 598.0709049271213], [759.1910250021351, 841.0709049271213]], "junction_points": [], "tail_length": 254.17487170797003}}, "image_name": "SC00012-M1_F-128_252014121424458$ant_277_0.jpg", "image_path": "../../data_dir/images/sperm_patch_data_v2/"}, {"transform_params": {"gauss": {"kernel": 9, "sigma": 0.031665168189717874}, "xs": "186", "ys": "255", "xe": "368", "ye": "452"}, "head_x": [275.4035087719298, 274.4035087719298, 273.4035087719298, 272.4035087719298, 271.4035087719298, 270.4035087719298, 269.4035087719298, 268.4035087719298, 267.4035087719298, 266.4035087719298, 265.4035087719298, 265.4035087719298, 264.4035087719298, 263.4035087719298, 262.4035087719298, 261.4035087719298, 260.4035087719298, 259.4035087719298, 258.4035087719298, 257.4035087719298, 257.4035087719298, 256.4035087719298, 256.4035087719298, 256.4035087719298, 255.4035087719298, 255.4035087719298, 255.4035087719298, 254.4035087719298, 254.4035087719298, 254.4035087719298, 254.4035087719298, 253.4035087719298, 253.4035087719298, 254.4035087719298, 254.4035087719298, 254.4035087719298, 255.4035087719298, 255.4035087719298, 255.4035087719298, 256.4035087719298, 256.4035087719298, 256.4035087719298, 257.4035087719298, 258.4035087719298, 259.4035087719298, 260.4035087719298, 261.4035087719298, 262.4035087719298, 263.4035087719298, 264.4035087719298, 265.4035087719298, 266.4035087719298, 267.4035087719298, 268.4035087719298, 269.4035087719298, 270.4035087719298, 271.4035087719298, 272.4035087719298, 273.4035087719298, 274.4035087719298, 275.4035087719298, 276.4035087719298, 277.4035087719298, 278.4035087719298, 279.4035087719298, 280.4035087719298, 281.4035087719298, 282.4035087719298, 283.4035087719298, 284.4035087719298, 285.4035087719298, 286.4035087719298, 287.4035087719298, 288.4035087719298, 289.4035087719298, 290.4035087719298, 291.4035087719298, 292.4035087719298, 293.4035087719298, 293.4035087719298, 293.4035087719298, 293.4035087719298, 293.4035087719298, 293.4035087719298, 293.4035087719298, 293.4035087719298, 293.4035087719298, 293.4035087719298, 293.4035087719298, 293.4035087719298, 293.4035087719298, 293.4035087719298, 293.4035087719298, 293.4035087719298, 292.4035087719298, 291.4035087719298, 290.4035087719298, 289.4035087719298, 288.4035087719298, 287.4035087719298, 286.4035087719298, 285.4035087719298, 284.4035087719298, 283.4035087719298, 282.4035087719298, 281.4035087719298, 280.4035087719298, 279.4035087719298, 278.4035087719298, 277.4035087719298, 276.4035087719298], "head_y": [339.0877192982456, 340.0877192982456, 340.0877192982456, 341.0877192982456, 341.0877192982456, 342.0877192982456, 342.0877192982456, 343.0877192982456, 343.0877192982456, 344.0877192982456, 344.0877192982456, 345.0877192982456, 346.0877192982456, 347.0877192982456, 348.0877192982456, 349.0877192982456, 350.0877192982456, 351.0877192982456, 352.0877192982456, 353.0877192982456, 354.0877192982456, 355.0877192982456, 356.0877192982456, 357.0877192982456, 358.0877192982456, 359.0877192982456, 360.0877192982456, 361.0877192982456, 362.0877192982456, 363.0877192982456, 364.0877192982456, 365.0877192982456, 366.0877192982456, 367.0877192982456, 368.0877192982456, 369.0877192982456, 370.0877192982456, 371.0877192982456, 372.0877192982456, 373.0877192982456, 374.0877192982456, 375.0877192982456, 376.0877192982456, 376.0877192982456, 377.0877192982456, 377.0877192982456, 377.0877192982456, 378.0877192982456, 378.0877192982456, 378.0877192982456, 379.0877192982456, 379.0877192982456, 379.0877192982456, 379.0877192982456, 379.0877192982456, 379.0877192982456, 379.0877192982456, 379.0877192982456, 379.0877192982456, 378.0877192982456, 378.0877192982456, 378.0877192982456, 378.0877192982456, 377.0877192982456, 377.0877192982456, 377.0877192982456, 376.0877192982456, 376.0877192982456, 375.0877192982456, 374.0877192982456, 373.0877192982456, 372.0877192982456, 371.0877192982456, 370.0877192982456, 369.0877192982456, 368.0877192982456, 367.0877192982456, 366.0877192982456, 365.0877192982456, 364.0877192982456, 363.0877192982456, 362.0877192982456, 361.0877192982456, 360.0877192982456, 359.0877192982456, 358.0877192982456, 357.0877192982456, 356.0877192982456, 355.0877192982456, 354.0877192982456, 353.0877192982456, 352.0877192982456, 351.0877192982456, 350.0877192982456, 349.0877192982456, 348.0877192982456, 347.0877192982456, 346.0877192982456, 345.0877192982456, 344.0877192982456, 343.0877192982456, 342.0877192982456, 341.0877192982456, 340.0877192982456, 340.0877192982456, 340.0877192982456, 340.0877192982456, 339.0877192982456, 339.0877192982456, 339.0877192982456, 339.0877192982456], "acrosome_x": [256.4035087719298, 257.4035087719298, 258.4035087719298, 259.4035087719298, 260.4035087719298, 261.4035087719298, 262.4035087719298, 263.4035087719298, 264.4035087719298, 265.4035087719298, 266.4035087719298, 266.4035087719298, 267.4035087719298, 268.4035087719298, 269.4035087719298, 270.4035087719298, 271.4035087719298, 272.4035087719298, 273.4035087719298, 274.4035087719298, 275.4035087719298, 276.4035087719298, 277.4035087719298, 277.4035087719298, 277.4035087719298, 277.4035087719298, 277.4035087719298, 277.4035087719298, 277.4035087719298, 277.4035087719298, 276.4035087719298, 276.4035087719298, 276.4035087719298, 276.4035087719298, 276.4035087719298, 276.4035087719298, 276.4035087719298, 275.4035087719298, 274.4035087719298, 273.4035087719298, 272.4035087719298, 271.4035087719298, 270.4035087719298, 269.4035087719298, 268.4035087719298, 267.4035087719298, 266.4035087719298, 265.4035087719298, 264.4035087719298, 263.4035087719298, 262.4035087719298, 261.4035087719298, 260.4035087719298, 259.4035087719298, 258.4035087719298, 257.4035087719298, 257.4035087719298, 257.4035087719298, 257.4035087719298, 257.4035087719298, 257.4035087719298, 257.4035087719298, 257.4035087719298, 257.4035087719298, 257.4035087719298, 257.4035087719298, 257.4035087719298, 257.4035087719298, 257.4035087719298, 257.4035087719298, 257.4035087719298, 257.4035087719298, 257.4035087719298, 257.4035087719298, 257.4035087719298, 256.4035087719298, 256.4035087719298, 256.4035087719298, 256.4035087719298, 256.4035087719298],